epoch,loss,val_loss
0,232.011267811,193.606740065
1,189.877201816,187.050949408
2,185.631651466,181.759669604
