epoch,loss,val_loss
0,232.011267811,193.606740065
1,189.877201816,187.050949408
2,185.631651466,181.759669604
3,181.920950625,179.309728331
4,181.968567555,178.208353035
