epoch,loss,val_loss
0,232.011267811,193.606740065
