epoch,kl_loss,loss,reconstruction_loss,val_kl_loss,val_loss,val_reconstruction_loss
0,0.726708260764,2329.14027272,2323.32660664,0.344662778115,2234.84013577,2232.08283398
1,0.307883816984,2225.47772223,2223.01465183,0.269712775071,2215.37978109,2213.22207838
