epoch,kl_loss,loss,reconstruction_loss,val_kl_loss,val_loss,val_reconstruction_loss
0,0.546646840933,761.171717137,758.985130877,0.267789987059,735.835346902,734.76418776
1,0.261744385763,732.897586299,731.850609878,0.217845723171,730.69934346,729.827961782
