epoch,kl_loss,loss,reconstruction_loss,val_kl_loss,val_loss,val_reconstruction_loss
0,0.40258900425,964.045538583,960.824826601,0.150157581195,930.728658409,929.527397365
