epoch,loss,val_loss
0,360.634898075,329.875972724
1,314.558746952,305.879957272
2,293.560736779,282.528872337
