epoch,loss,val_loss
0,360.634898075,329.875972724
1,314.558746952,305.879957272
2,293.560736779,282.528872337
3,275.777173045,270.785583962
4,266.968475474,261.810198774
5,264.203053403,264.819642796
6,259.328182213,244.744994171
