epoch,loss,val_loss
0,360.634898075,329.875972724
