epoch,kl_loss,loss,reconstruction_loss,val_kl_loss,val_loss,val_reconstruction_loss
0,76.8493863554,1111.86823288,1035.0188466,70.9395604051,1058.36976249,987.430204212
1,67.9604816427,1052.53582482,984.575343266,65.8074917785,1045.89776947,980.09028001
2,67.1067222733,1043.28037282,976.173650481,66.2512537997,1038.83140902,972.580155543
3,66.4472583079,1038.21947082,971.772212627,61.9748262857,1035.41061285,973.435787606
4,65.8596822312,1034.89079175,969.031109385,64.438067889,1032.88809443,968.450026395
