epoch,kl_loss,loss,reconstruction_loss,val_kl_loss,val_loss,val_reconstruction_loss
0,0.434663088352,985.77591987,984.037267555,0.177231548603,933.282493649,932.573568354
1,0.132617674018,930.538371182,930.007900431,0.108529734777,929.410363068,928.976244456
2,0.0908982549693,927.663357813,927.299764735,0.0810506930593,927.155333895,926.831131735
3,0.0722077834213,926.300476659,926.011645581,0.0652948133846,925.857445461,925.596267224
4,0.0611829671728,925.482612971,925.237881092,0.0562224668993,925.200785742,924.975895664
5,0.0536044338101,924.924503916,924.710086108,0.0499826489405,924.673832515,924.473902683
6,0.048046222622,924.511770289,924.319585479,0.0452472042284,924.316838046,924.135848606
7,0.0437822817511,923.857435809,923.682306719,0.0415932913113,923.879848662,923.713475212
8,0.0409472161187,923.684983105,923.521194194,0.0390462094287,923.726927979,923.570742393
