epoch,loss,val_loss
0,125.272723439,91.788842231
1,84.4748006303,77.8613551739
