epoch,kl_loss,loss,reconstruction_loss,val_kl_loss,val_loss,val_reconstruction_loss
0,0.0371533155188,2923.37599452,2923.3388412,0.0,2919.96920756,2919.96920756
1,-0.0,2920.75056822,2920.75056822,0.0,2919.7229115,2919.7229115
