epoch,kl_loss,loss,reconstruction_loss,val_kl_loss,val_loss,val_reconstruction_loss
0,1.57627837702,964.801052313,963.224773934,0.552875590839,931.845956281,931.293081217
1,0.413458220984,929.083091778,928.66963356,0.32304670162,927.662189012,927.339143072
2,0.278840728961,926.558761364,926.279920649,0.242729108185,926.047060055,925.804332025
3,0.217958005145,925.279729664,925.061771676,0.199888088907,925.080863739,924.880975552
4,0.182328391801,924.47230031,924.289971926,0.172379278977,924.480959587,924.308579161
5,0.158481885522,923.91365324,923.755171365,0.15276121011,923.976560556,923.823799873
6,0.140962922089,923.51036633,923.369403454,0.1371899796,923.603342769,923.466152665
