epoch,kl_loss,loss,reconstruction_loss,val_kl_loss,val_loss,val_reconstruction_loss
0,1.57627837702,964.801052313,963.224773934,0.552875590839,931.845956281,931.293081217
1,0.413458220984,929.083091778,928.66963356,0.32304670162,927.662189012,927.339143072
2,0.278840728961,926.558761364,926.279920649,0.242729108185,926.047060055,925.804332025
