epoch,kl_loss,loss,reconstruction_loss,val_kl_loss,val_loss,val_reconstruction_loss
0,3.22782456716,1409.32638805,1306.03600181,0.837883105612,1176.15813813,1149.34587998
1,1.23084092983,1074.00839273,1034.62148301,0.791041431689,1024.22182476,998.908499674
2,0.816245542785,1015.956116,989.836258703,0.673118620806,1004.11794821,982.57815385
3,0.641680268311,998.986438273,978.452669455,1.05757308796,1008.10839103,974.266052418
