epoch,kl_loss,loss,reconstruction_loss,val_kl_loss,val_loss,val_reconstruction_loss
0,2.36729544102,988.629575683,983.894984961,1.65142876526,940.447755272,937.144898063
1,1.28820424375,936.658783222,934.08237478,1.27441525135,933.13697865,930.588147814
