epoch,kl_loss,loss,reconstruction_loss,val_kl_loss,val_loss,val_reconstruction_loss
0,1.23171261707,2239.1428641,2234.2160139,0.934900816277,2197.92954638,2194.18993706
1,0.78866382317,2196.66849658,2193.51384091,0.657161652286,2189.77096101,2187.14231249
2,0.686850009818,2191.62857798,2188.88117764,0.734616536879,2186.9512815,2184.01281042
